{"cameraMode":{"drawMode":0,"name":"Shaded","section":"Shading Mode"},"sceneLighting":false,"audioPlay":false,"sceneViewState":{"showFog":true,"showMaterialUpdate":true,"showSkybox":true,"showFlares":true,"showImageEffects":true,"showParticleSystems":true},"in2DMode":false,"pivot":{"x":4.177436828613281,"y":0.9480688571929932,"z":-2.170130729675293},"rotation":{"x":0.007507667411118746,"y":0.9918338060379028,"z":-0.10634220391511917,"w":0.07002587616443634},"size":6.825954914093018,"orthographic":false}