{"cameraMode":{"drawMode":0,"name":"Shaded","section":"Shading Mode"},"sceneLighting":false,"audioPlay":false,"sceneViewState":{"showFog":true,"showMaterialUpdate":true,"showSkybox":true,"showFlares":true,"showImageEffects":true,"showParticleSystems":true},"in2DMode":false,"pivot":{"x":2.9010791778564455,"y":-2.1421000957489015,"z":9.54078197479248},"rotation":{"x":0.13155816495418549,"y":0.7710974812507629,"z":-0.16919659078121186,"w":0.5995622873306274},"size":13.002013206481934,"orthographic":false}